percentile,depth_pct,tertile_label,p_hat_min,p_hat_max,p_hat_mean,contacts_in_bin,responders_in_bin,response_rate_in_bin,cumulative_contacts,cumulative_responders,cumulative_response_rate,cumulative_responders_pct,lift,random_model_pct,test_set_base_rate,full_dataset_base_rate,is_t1t2_cutoff
1,0.010037,T1 High,0.715177,0.890343,0.77245,62,36,0.580645,62,36,0.580645,0.015158,1.510166,0.010037,0.384491,0.112663,False
2,0.020074,T1 High,0.621623,0.714397,0.672429,62,25,0.403226,124,61,0.491935,0.025684,1.279446,0.020074,0.384491,0.112663,False
3,0.030112,T1 High,0.475518,0.621539,0.550717,62,31,0.5,186,92,0.494624,0.038737,1.286438,0.030112,0.384491,0.112663,False
4,0.040149,T1 High,0.410666,0.473797,0.440807,62,34,0.548387,248,126,0.508065,0.053053,1.321395,0.040149,0.384491,0.112663,False
5,0.050024,T1 High,0.374444,0.410049,0.387863,61,29,0.47541,309,155,0.501618,0.065263,1.304629,0.050024,0.384491,0.112663,False
6,0.060062,T1 High,0.347642,0.372962,0.359627,62,32,0.516129,371,187,0.504043,0.078737,1.310936,0.060062,0.384491,0.112663,False
7,0.070099,T1 High,0.328859,0.347166,0.336604,62,22,0.354839,433,209,0.482679,0.088,1.255371,0.070099,0.384491,0.112663,False
8,0.080136,T1 High,0.314688,0.328645,0.321749,62,33,0.532258,495,242,0.488889,0.101895,1.271522,0.080136,0.384491,0.112663,False
9,0.090011,T1 High,0.301787,0.314639,0.307879,61,30,0.491803,556,272,0.489209,0.114526,1.272354,0.090011,0.384491,0.112663,False
10,0.100049,T1 High,0.286255,0.301787,0.293195,62,31,0.5,618,303,0.490291,0.127579,1.27517,0.100049,0.384491,0.112663,False
11,0.110086,T1 High,0.277507,0.286223,0.281922,62,26,0.419355,680,329,0.483824,0.138526,1.258348,0.110086,0.384491,0.112663,False
12,0.120123,T1 High,0.269862,0.277286,0.273586,62,29,0.467742,742,358,0.48248,0.150737,1.254853,0.120123,0.384491,0.112663,False
13,0.13016,T1 High,0.260474,0.269841,0.265258,62,26,0.419355,804,384,0.477612,0.161684,1.242193,0.13016,0.384491,0.112663,False
14,0.140036,T1 High,0.252358,0.260381,0.256448,61,30,0.491803,865,414,0.478613,0.174316,1.244796,0.140036,0.384491,0.112663,False
15,0.150073,T1 High,0.245538,0.252274,0.24925,62,33,0.532258,927,447,0.482201,0.188211,1.254127,0.150073,0.384491,0.112663,False
16,0.16011,T1 High,0.237387,0.245536,0.241593,62,31,0.5,989,478,0.483316,0.201263,1.257029,0.16011,0.384491,0.112663,False
17,0.170147,T1 High,0.231386,0.237321,0.234257,62,30,0.483871,1051,508,0.483349,0.213895,1.257114,0.170147,0.384491,0.112663,False
18,0.180023,T1 High,0.226107,0.231386,0.228583,61,22,0.360656,1112,530,0.476619,0.223158,1.23961,0.180023,0.384491,0.112663,False
19,0.19006,T1 High,0.221428,0.225965,0.22373,62,32,0.516129,1174,562,0.478705,0.236632,1.245036,0.19006,0.384491,0.112663,False
20,0.200097,T1 High,0.216252,0.221402,0.219035,62,27,0.435484,1236,589,0.476537,0.248,1.239398,0.200097,0.384491,0.112663,False
21,0.210134,T1 High,0.212076,0.216211,0.214264,62,22,0.354839,1298,611,0.470724,0.257263,1.224279,0.210134,0.384491,0.112663,False
22,0.22001,T1 High,0.2074,0.211696,0.209578,61,31,0.508197,1359,642,0.472406,0.270316,1.228653,0.22001,0.384491,0.112663,False
23,0.230047,T1 High,0.202615,0.207398,0.204875,62,26,0.419355,1421,668,0.470091,0.281263,1.222633,0.230047,0.384491,0.112663,False
24,0.240084,T1 High,0.198101,0.20256,0.200178,62,27,0.435484,1483,695,0.468645,0.292632,1.21887,0.240084,0.384491,0.112663,False
25,0.250121,T1 High,0.192387,0.198078,0.195447,62,23,0.370968,1545,718,0.464725,0.302316,1.208676,0.250121,0.384491,0.112663,False
26,0.260159,T1 High,0.187278,0.192241,0.189991,62,30,0.483871,1607,748,0.465464,0.314947,1.210597,0.260159,0.384491,0.112663,False
27,0.270034,T1 High,0.182881,0.187277,0.185059,61,25,0.409836,1668,773,0.463429,0.325474,1.205306,0.270034,0.384491,0.112663,False
28,0.280071,T1 High,0.177243,0.182836,0.180453,62,24,0.387097,1730,797,0.460694,0.335579,1.198191,0.280071,0.384491,0.112663,False
29,0.290108,T1 High,0.171975,0.177243,0.174819,62,27,0.435484,1792,824,0.459821,0.346947,1.195922,0.290108,0.384491,0.112663,False
30,0.300146,T1 High,0.166987,0.171891,0.16955,62,27,0.435484,1854,851,0.459008,0.358316,1.193806,0.300146,0.384491,0.112663,False
31,0.310021,T1 High,0.161724,0.166974,0.164191,61,23,0.377049,1915,874,0.456397,0.368,1.187016,0.310021,0.384491,0.112663,False
32,0.320058,T1 High,0.15491,0.161585,0.15804,62,29,0.467742,1977,903,0.456753,0.380211,1.187941,0.320058,0.384491,0.112663,False
33,0.330096,T1 High,0.150516,0.15491,0.152814,62,31,0.5,2039,934,0.458068,0.393263,1.191361,0.330096,0.384491,0.112663,False
34,0.340133,T2 Medium,0.146856,0.150478,0.148783,62,36,0.580645,2101,970,0.461685,0.408421,1.200769,0.340133,0.384491,0.112663,False
35,0.350008,T2 Medium,0.142496,0.146704,0.144415,61,28,0.459016,2162,998,0.46161,0.420211,1.200573,0.350008,0.384491,0.112663,False
36,0.360045,T2 Medium,0.13889,0.142446,0.140755,62,29,0.467742,2224,1027,0.461781,0.432421,1.201018,0.360045,0.384491,0.112663,False
37,0.370083,T2 Medium,0.13513,0.138753,0.137054,62,34,0.548387,2286,1061,0.464129,0.446737,1.207127,0.370083,0.384491,0.112663,False
38,0.38012,T2 Medium,0.131492,0.135034,0.133536,62,34,0.548387,2348,1095,0.466354,0.461053,1.212914,0.38012,0.384491,0.112663,False
39,0.390157,T2 Medium,0.127605,0.131355,0.129503,62,25,0.403226,2410,1120,0.46473,0.471579,1.20869,0.390157,0.384491,0.112663,False
40,0.400032,T2 Medium,0.123777,0.127471,0.125571,61,36,0.590164,2471,1156,0.467827,0.486737,1.216743,0.400032,0.384491,0.112663,False
41,0.41007,T2 Medium,0.121339,0.123763,0.122484,62,23,0.370968,2533,1179,0.465456,0.496421,1.210577,0.41007,0.384491,0.112663,False
42,0.420107,T2 Medium,0.11854,0.121262,0.11993,62,28,0.451613,2595,1207,0.465125,0.508211,1.209717,0.420107,0.384491,0.112663,False
43,0.430144,T2 Medium,0.115401,0.11852,0.117072,62,29,0.467742,2657,1236,0.465186,0.520421,1.209876,0.430144,0.384491,0.112663,False
44,0.440019,T2 Medium,0.112352,0.1154,0.113804,61,29,0.47541,2718,1265,0.465416,0.532632,1.210472,0.440019,0.384491,0.112663,False
45,0.450057,T2 Medium,0.109467,0.112351,0.110858,62,25,0.403226,2780,1290,0.464029,0.543158,1.206865,0.450057,0.384491,0.112663,False
46,0.460094,T2 Medium,0.106312,0.10943,0.107789,62,26,0.419355,2842,1316,0.463054,0.554105,1.20433,0.460094,0.384491,0.112663,False
47,0.470131,T2 Medium,0.103819,0.106258,0.104981,62,25,0.403226,2904,1341,0.461777,0.564632,1.201008,0.470131,0.384491,0.112663,False
48,0.480006,T2 Medium,0.100885,0.103702,0.102277,61,28,0.459016,2965,1369,0.46172,0.576421,1.200861,0.480006,0.384491,0.112663,False
49,0.490044,T2 Medium,0.098307,0.100874,0.099591,62,37,0.596774,3027,1406,0.464486,0.592,1.208055,0.490044,0.384491,0.112663,False
50,0.500081,T2 Medium,0.096062,0.098299,0.097222,62,25,0.403226,3089,1431,0.463257,0.602526,1.204857,0.500081,0.384491,0.112663,False
51,0.510118,T2 Medium,0.093939,0.096037,0.094889,62,25,0.403226,3151,1456,0.462076,0.613053,1.201785,0.510118,0.384491,0.112663,False
52,0.520155,T2 Medium,0.091344,0.093779,0.092536,62,23,0.370968,3213,1479,0.460317,0.622737,1.197213,0.520155,0.384491,0.112663,False
53,0.530031,T2 Medium,0.088912,0.091338,0.09018,61,28,0.459016,3274,1507,0.460293,0.634526,1.19715,0.530031,0.384491,0.112663,False
54,0.540068,T2 Medium,0.086903,0.088906,0.087831,62,23,0.370968,3336,1530,0.458633,0.644211,1.192832,0.540068,0.384491,0.112663,False
55,0.550105,T2 Medium,0.084923,0.086858,0.085971,62,27,0.435484,3398,1557,0.458211,0.655579,1.191733,0.550105,0.384491,0.112663,False
56,0.560142,T2 Medium,0.083299,0.08486,0.084135,62,22,0.354839,3460,1579,0.456358,0.664842,1.186916,0.560142,0.384491,0.112663,False
57,0.570018,T2 Medium,0.081332,0.083228,0.082158,61,23,0.377049,3521,1602,0.454984,0.674526,1.183342,0.570018,0.384491,0.112663,False
58,0.580055,T2 Medium,0.079375,0.081327,0.080325,62,26,0.419355,3583,1628,0.454368,0.685474,1.181739,0.580055,0.384491,0.112663,False
59,0.590092,T2 Medium,0.077278,0.079338,0.078241,62,21,0.33871,3645,1649,0.452401,0.694316,1.176622,0.590092,0.384491,0.112663,False
60,0.60013,T2 Medium,0.075557,0.077259,0.076472,62,21,0.33871,3707,1670,0.450499,0.703158,1.171676,0.60013,0.384491,0.112663,False
61,0.610005,T2 Medium,0.074058,0.075474,0.074713,61,19,0.311475,3768,1689,0.448248,0.711158,1.165823,0.610005,0.384491,0.112663,False
62,0.620042,T2 Medium,0.072225,0.073964,0.073033,62,23,0.370968,3830,1712,0.446997,0.720842,1.162569,0.620042,0.384491,0.112663,False
63,0.630079,T2 Medium,0.070632,0.072215,0.071414,62,18,0.290323,3892,1730,0.444502,0.728421,1.156078,0.630079,0.384491,0.112663,False
64,0.640117,T2 Medium,0.069402,0.07061,0.07,62,22,0.354839,3954,1752,0.443096,0.737684,1.152421,0.640117,0.384491,0.112663,False
65,0.650154,T2 Medium,0.067876,0.069394,0.068628,62,22,0.354839,4016,1774,0.441733,0.746947,1.148878,0.650154,0.384491,0.112663,False
66,0.660029,T2 Medium,0.066442,0.067813,0.06708,61,25,0.409836,4077,1799,0.441256,0.757474,1.147636,0.660029,0.384491,0.112663,False
67,0.670066,T2 Medium,0.064812,0.066442,0.065655,62,19,0.306452,4139,1818,0.439237,0.765474,1.142384,0.670066,0.384491,0.112663,True
68,0.680104,T3 Low,0.063703,0.064812,0.064264,62,19,0.306452,4201,1837,0.437277,0.773474,1.137288,0.680104,0.384491,0.112663,False
69,0.690141,T3 Low,0.062743,0.063699,0.063186,62,17,0.274194,4263,1854,0.434905,0.780632,1.131119,0.690141,0.384491,0.112663,False
70,0.700016,T3 Low,0.061459,0.06274,0.062105,61,22,0.360656,4324,1876,0.433858,0.789895,1.128395,0.700016,0.384491,0.112663,False
71,0.710053,T3 Low,0.060193,0.061438,0.060835,62,20,0.322581,4386,1896,0.432285,0.798316,1.124303,0.710053,0.384491,0.112663,False
72,0.720091,T3 Low,0.058725,0.060184,0.059392,62,16,0.258065,4448,1912,0.429856,0.805053,1.117987,0.720091,0.384491,0.112663,False
73,0.730128,T3 Low,0.057419,0.058716,0.058108,62,14,0.225806,4510,1926,0.427051,0.810947,1.110692,0.730128,0.384491,0.112663,False
74,0.740003,T3 Low,0.056458,0.057411,0.056952,61,20,0.327869,4571,1946,0.425727,0.819368,1.107249,0.740003,0.384491,0.112663,False
75,0.75004,T3 Low,0.055331,0.056452,0.055943,62,21,0.33871,4633,1967,0.424563,0.828211,1.104221,0.75004,0.384491,0.112663,False
76,0.760078,T3 Low,0.054338,0.055324,0.054902,62,20,0.322581,4695,1987,0.423216,0.836632,1.100718,0.760078,0.384491,0.112663,False
77,0.770115,T3 Low,0.053008,0.054334,0.053581,62,19,0.306452,4757,2006,0.421694,0.844632,1.09676,0.770115,0.384491,0.112663,False
78,0.780152,T3 Low,0.052034,0.053,0.052532,62,14,0.225806,4819,2020,0.419174,0.850526,1.090205,0.780152,0.384491,0.112663,False
79,0.790028,T3 Low,0.050927,0.052024,0.051439,61,10,0.163934,4880,2030,0.415984,0.854737,1.081907,0.790028,0.384491,0.112663,False
80,0.800065,T3 Low,0.049983,0.050894,0.050389,62,18,0.290323,4942,2048,0.414407,0.862316,1.077807,0.800065,0.384491,0.112663,False
81,0.810102,T3 Low,0.049091,0.049978,0.049539,62,18,0.290323,5004,2066,0.41287,0.869895,1.073809,0.810102,0.384491,0.112663,False
82,0.820139,T3 Low,0.0479,0.049079,0.048482,62,20,0.322581,5066,2086,0.411765,0.878316,1.070935,0.820139,0.384491,0.112663,False
83,0.830015,T3 Low,0.04667,0.047898,0.047275,61,13,0.213115,5127,2099,0.409401,0.883789,1.064787,0.830015,0.384491,0.112663,False
84,0.840052,T3 Low,0.045569,0.046648,0.046012,62,14,0.225806,5189,2113,0.407208,0.889684,1.059082,0.840052,0.384491,0.112663,False
85,0.850089,T3 Low,0.044378,0.045568,0.045003,62,20,0.322581,5251,2133,0.406208,0.898105,1.056483,0.850089,0.384491,0.112663,False
86,0.860126,T3 Low,0.043011,0.044313,0.04367,62,9,0.145161,5313,2142,0.403162,0.901895,1.04856,0.860126,0.384491,0.112663,False
87,0.870002,T3 Low,0.04184,0.042984,0.042426,61,14,0.229508,5374,2156,0.401191,0.907789,1.043434,0.870002,0.384491,0.112663,False
88,0.880039,T3 Low,0.040792,0.041839,0.041253,62,19,0.306452,5436,2175,0.40011,0.915789,1.040624,0.880039,0.384491,0.112663,False
89,0.890076,T3 Low,0.039691,0.04079,0.040249,62,11,0.177419,5498,2186,0.397599,0.920421,1.034092,0.890076,0.384491,0.112663,False
90,0.900113,T3 Low,0.038377,0.039636,0.039002,62,15,0.241935,5560,2201,0.395863,0.926737,1.029578,0.900113,0.384491,0.112663,False
91,0.910151,T3 Low,0.036692,0.038338,0.037509,62,17,0.274194,5622,2218,0.394522,0.933895,1.026088,0.910151,0.384491,0.112663,False
92,0.920026,T3 Low,0.034972,0.036675,0.035814,61,10,0.163934,5683,2228,0.392046,0.938105,1.019651,0.920026,0.384491,0.112663,False
93,0.930063,T3 Low,0.03333,0.034959,0.034204,62,18,0.290323,5745,2246,0.390949,0.945684,1.016795,0.930063,0.384491,0.112663,False
94,0.9401,T3 Low,0.031638,0.03333,0.032571,62,18,0.290323,5807,2264,0.389874,0.953263,1.014001,0.9401,0.384491,0.112663,False
95,0.950138,T3 Low,0.029773,0.03158,0.03056,62,16,0.258065,5869,2280,0.388482,0.96,1.01038,0.950138,0.384491,0.112663,False
96,0.960013,T3 Low,0.028053,0.029733,0.028738,61,11,0.180328,5930,2291,0.386341,0.964632,1.004811,0.960013,0.384491,0.112663,False
97,0.97005,T3 Low,0.025236,0.028039,0.026773,62,17,0.274194,5992,2308,0.38518,0.971789,1.001793,0.97005,0.384491,0.112663,False
98,0.980087,T3 Low,0.022168,0.025172,0.02381,62,16,0.258065,6054,2324,0.383878,0.978526,0.998407,0.980087,0.384491,0.112663,False
99,0.990125,T3 Low,0.017393,0.022046,0.020079,62,25,0.403226,6116,2349,0.384075,0.989053,0.998917,0.990125,0.384491,0.112663,False
100,1.0,T3 Low,0.004127,0.017375,0.011767,61,26,0.42623,6177,2375,0.384491,1.0,1.0,1.0,0.384491,0.112663,False
